Company,Job Title,Job_Type,Experience,Skill 1,Skill 2,Skill 3,Skill 4,Skill 5,Skill 6
Zscaler,Data Science Intern- Undergrad (Summer 2023),Internship,Entry-level,Agile,Architecture,Data analysis,Data Analytics,Data strategy,Data visualization
RYTE Corporation,R&D Data Scientist Intern (Alternance),Internship,Entry-level,Big Data,Computer Science,Deep Learning,Engineering,Keras,Python
SOMFY Group,Alternance Data Analyst (H/F),Full Time,Entry-level,Data analysis,Excel,Power BI,Python,R,R&D
RYTE Corporation,MLOps Engineer Intern (Alternance),Internship,Entry-level,Azure,Big Data,CI/CD,Computer Science,Databricks,Deep Learning
RYTE Corporation,Data Scientist (NLP & ML) Intern (Alternance),Internship,Entry-level,Azure,Big Data,C++,Computer Science,Deep Learning,Docker
Shadow,Data Analyst / Data Scientist Intern (H/F/X) - July 2023,Internship,Entry-level,Agile,Clustering,Data analysis,Data visualization,KPIs,Pandas
Zuora,Data Science Intern,Internship,Entry-level,Avro,AWS,Computer Science,CSV,DynamoDB,Finance
Shippeo,Data Scientist - Internship,Internship,Entry-level,A/B testing,Engineering,Machine Learning,ML models,MLOps,Model design
"6sense Insights, Inc.",Data Scientist Intern,Internship,Entry-level,APIs,Big Data,Business Analytics,Data analysis,Data Analytics,Data visualization
Chime,Data Analytics Intern,Internship,Entry-level,Banking,Data Analytics,Data visualization,Distributed Systems,Economics,FinTech
Shippeo,INTERNSHIP: IT Project Manager - Data Integration (M/F/D),Internship,Entry-level,Agile,Engineering,KPIs,,,
Lacework,Analytics Engineer Intern,Internship,Entry-level,BigQuery,Computer Science,Data analysis,Data warehouse,Engineering,Finance
Illumio,"Data Analyst Intern, Business Intelligence",Internship,Entry-level,Business Intelligence,Data governance,Excel,Security,SQL,
Amazon.com,Applied Scientist Intern,Full Time,Entry-level,Big Data,Data Analytics,Data Mining,Engineering,Machine Learning,Mathematics
OpenX,Intern - Machine Learning,Internship,Entry-level,AWS,Azure,Big Data,Computer Science,Data analysis,Dataflow
Coda Payments,Data Science - Intern,Internship,Entry-level,Classification,Computer Science,Engineering,Finance,FinTech,Machine Learning
Kpler,Data Scientist - Internship,Internship,Entry-level,Data analysis,Data quality,Data visualization,Git,Machine Learning,ML models
Publicis Groupe,Intern Program: Data Science Intern,Internship,Entry-level,Cluster analysis,Data analysis,Privacy,SAS,Statistics,
Infinitus,ðŸ“ˆ NLP Research Intern,Internship,Entry-level,Conversational AI,Deep Learning,NLP,PhD,PyTorch,Research
NBCUniversal,Act Two Program - Data Engineer,Full Time,Entry-level,Agile,Airflow,Big Data,Computer Science,Data Analytics,Data management
Visa,Intern Associate Data Analyst â€“ Undergrad â€“ Austin,Internship,Entry-level,Computer Science,Data Analytics,Data visualization,Engineering,Excel,SQL
Infinitus,ðŸ“Š Data Analyst Intern - Business & Product Ops,Internship,Entry-level,BigQuery,Conversational AI,Data visualization,Engineering,Excel,GCP
Unbabel,AI Research Scientist Intern,Internship,Entry-level,Computer Science,Deep Learning,Engineering,Machine Learning,NLP,PhD
Visa,Internship - Data Science (For Current Students),Full Time,Entry-level,Big Data,Clustering,Computer Science,Data analysis,Data Mining,Econometrics
METRO/MAKRO,STAGE 6 mois - Data Scientist Junior H/F,Full Time,Entry-level,Big Data,Power BI,Python,R,SQL,
Bosch Group,Internship - Master Data Management,Internship,Entry-level,Data Analytics,Data management,Excel,Industrial,Spark,
Mercedes-Benz R&D North America,Machine Learning Intern,Internship,Entry-level,Agile,ANN,Architecture,Autonomous Driving,Computer Science,Data analysis
Funding Societies,Data Science Intern,Internship,Entry-level,A/B testing,Computer Science,Data analysis,Data visualization,FinTech,Machine Learning
"Cloudflare, Inc.",Data Engineering Internship,Internship,Entry-level,Angular,APIs,Architecture,Computer Science,Data Analytics,Engineering
Bosch Group,[Intern] AI/ Computer Vision Engineer,Full Time,Entry-level,Computer Science,Computer Vision,Consulting,Deep Learning,Economics,Engineering
RYTE Corporation,R&D Data Scientist Intern (Alternance),Internship,Entry-level,Big Data,Computer Science,Deep Learning,Engineering,Keras,Python
Amazon.com,"Software Development Engineer Intern (Summer 2023) - Machine Learning Apps, Acceleration, Annapurna Labs",Full Time,Entry-level,AWS,Computer Science,Deep Learning,Distributed Systems,EC2,Engineering
RYTE Corporation,Data Scientist (NLP & ML) Intern (Alternance),Internship,Entry-level,Azure,Big Data,C++,Computer Science,Deep Learning,Docker
Sia Partners,Stage de fin d'Ã©tudes - Consultant(e) Data Management,Full Time,Entry-level,APIs,Architecture,AWS,Azure,Big Data,Business Intelligence
RYTE Corporation,MLOps Engineer Intern (Alternance),Internship,Entry-level,Azure,Big Data,CI/CD,Computer Science,Databricks,Deep Learning
SOMFY Group,Alternance Data Analyst (H/F),Full Time,Entry-level,Data analysis,Excel,Power BI,Python,R,R&D
EcoVadis,Data Management Intern (12 months Internship),Internship,Entry-level,Classification,Data management,Excel,Research,,
OpenX,"Intern, ML Ops",Internship,Entry-level,AWS,Azure,Computer Science,Docker,GCP,Google Cloud
Bosch Group,Website & Data analyses - Internship EU student,Full Time,Entry-level,E-commerce,Research,Testing,,,
HeadLight Technologies Inc.,Computer Vision Intern,Internship,Entry-level,Computer Vision,Consulting,Engineering,Machine Learning,,
Trust Lab,"Data Science Intern | Social Media Analysis | US, Canada, UK, Germany",Internship,Entry-level,AWS,Data analysis,Data visualization,Engineering,Machine intelligence,Machine Learning
TuneIn,Data Science Intern,Internship,Entry-level,Computer Science,Data Mining,Deep Learning,Engineering,Excel,KPIs
Deep6.ai,"Machine Learning Engineer, Comprehension Intern",Internship,Entry-level,Computer Science,ETL,Machine Learning,Mathematics,NLP,OOP
Deep6.ai,"Data Analyst, Search Intern",Internship,Entry-level,Business Analytics,Computer Science,Machine Learning,Mathematics,NLP,Python
Motional,Summer 2023: Machine Learning Intern,Internship,Entry-level,Architecture,Autonomous Driving,Computer Science,Data Mining,Distributed Systems,Machine Learning
Kinaxis,"Co-Op/Intern Software Engineer, AI Platform",Internship,Entry-level,Big Data,Bitbucket,DevOps,Engineering,GitHub,Industrial
Deutsche Telekom IT Solutions,Data Science Trainee - REF1574S,Full Time,Entry-level,Agile,Computer Science,Jira,Kanban,Keras,Machine Learning
SOMFY Group,Data Analyst (6 month internship) (M/F),Internship,Entry-level,Data management,Data quality,R,R&D,Testing,
Visa,"Intern, Associate Data Analyst",Internship,Entry-level,Computer Science,Data Analytics,Data visualization,Engineering,Excel,SQL
Charles River Analytics Inc.,Natural Language Processing Intern,Internship,Entry-level,Computer Science,LLMs,Machine Learning,NLP,OOP,Prototyping
Spendesk,Data Scientist Intern,Internship,Entry-level,Classification,Computer Science,Data visualization,Deep Learning,Finance,Linear algebra
Amazon.com,Amazon Robotics - Applied Scientist Intern - 2023,Full Time,Entry-level,Computer Science,Computer Vision,Engineering,Machine Learning,Mathematics,PhD
"DataCamp, Inc.",Machine Learning Content Development Intern,Internship,Entry-level,Engineering,GitHub,Machine Learning,MLFlow,Python,Teaching
Visium,Junior Machine Learning Engineer - ZÃ¼rich (internship),Internship,Entry-level,Classification,Clustering,Computer Science,D3,Deep Learning,Engineering
OpenX,Data Scientist - Intern,Internship,Entry-level,Architecture,AWS,Big Data,Computer Science,Data analysis,GCP
Blueground,Data Analysis Intern - Istanbul,Internship,Entry-level,Business Intelligence,Data analysis,Data Analytics,Data quality,Engineering,Excel
Visium,Junior Machine Learning Engineer - Lausanne (internship),Internship,Entry-level,Classification,Clustering,Computer Science,D3,Deep Learning,Engineering
Steel Perlot,Sports Data Science Intern,Internship,Entry-level,Bayesian,CI/CD,Computer Science,Data analysis,Data management,Engineering
Scandit,Computer Vision / Machine Learning Intern,Internship,Entry-level,C++,Computer Science,Computer Vision,Machine Learning,ML models,NLP
CGG,Machine Learning Engineer 2023 Internship Programme (6 months),Internship,Entry-level,C++,Computer Science,Deep Learning,HPC,Machine Learning,Mathematics
Publicis Groupe,Junior Data Analyst - Extra Curricular Internship,Full Time,Entry-level,Big Data,Computer Science,Consulting,Data analysis,Data Mining,Data quality
Bosch Group,Intern for AI Machine Learning - AquaEasy,Full Time,Entry-level,Data analysis,Data visualization,Machine Learning,Python,R,R&D
Censys,2023 Software Engineering Internship - Data Engineer,Internship,Entry-level,ANN,Engineering,Golang,Helm,Python,Research
Bosch Group,[Intern] AI/ Computer Vision Engineer,Full Time,Entry-level,Computer Science,Computer Vision,Consulting,Deep Learning,Economics,Engineering
Publicis Groupe,"Intern, Data Science & Analytics",Internship,Entry-level,Data strategy,Data Studio,Excel,Power BI,Python,Research
Bosch Group,Internship for BigData Analysis in the areas of Project Management and SW Development Metrics,Internship,Entry-level,Azure,Big Data,Computer Science,Data analysis,Engineering,Excel
Informa Group Plc.,Data Analytics Intern (Summer 2023),Internship,Entry-level,Big Data,BigQuery,Computer Science,Data analysis,Data Analytics,Data Studio
Facilities Management Express,Customer Data Specialist Intern,Internship,Entry-level,Airtable,APIs,Business Analytics,Business Intelligence,Data visualization,ETL
AppLovin,Project Manager Intern - SparkLabs,Internship,Entry-level,Excel,Jira,Privacy,Testing,,
"Chemix, Inc.",Machine Learning Research Engineer Internship,Internship,Entry-level,Chemistry,CI/CD,Git,Machine Learning,ML models,NumPy
Lyft,"Canada - Early Talent - Data Science Intern, Decisions-Product - Montreal, Canada (Summer 2023)",Internship,Entry-level,A/B testing,Biology,Computer Science,Economics,Engineering,Mathematics
EcoVadis,Data Management Intern (12 months Internship),Internship,Entry-level,Classification,Data management,Excel,Research,,
"Chemix, Inc.",Battery Data Science Intern,Internship,Entry-level,Chemistry,CI/CD,Computer Science,Data pipelines,Engineering,Git
Roofstock,Data Engineering Intern,Internship,Entry-level,Computer Science,Engineering,Python,RDBMS,Scala,SQL
SOMFY Group,Data Analyst (6 month internship) (M/F),Internship,Entry-level,Data management,Data quality,Industrial,R,R&D,Testing
Verily,"Data Science Intern, Registries and Real World Data",Internship,Entry-level,Biology,Computer Science,Data quality,Engineering,Machine Learning,Mathematics
Bandwidth,Network Data Science Intern,Internship,Entry-level,APIs,Privacy,,,,
Deutsche Telekom IT Solutions,Data Science Trainee - REF1574S,Full Time,Entry-level,Agile,Computer Science,Jira,Kanban,Keras,Machine Learning
ALTEN,Stage - IngÃ©nieur vÃ©hicule autonome,Full Time,Entry-level,Python,R,R&D,,,
Verily,"Data Science Intern, Computational Biology",Internship,Entry-level,Architecture,Biology,Computer Science,Data analysis,EDA,Engineering
ServiceNow,"Data Analytics Intern, Innovation Operations",Internship,Entry-level,Computer Science,Data Analytics,Data visualization,Economics,Excel,Finance
Bosch Group,2023 Co-op Student - Digital Automation -- Data Analyst (May- Nov),Full Time,Entry-level,Computer Science,Engineering,Excel,Industrial,KNIME,Mathematics
G2,Summer Intern: Data Science,Internship,Entry-level,AWS,Data analysis,EDA,Machine Learning,ML infrastructure,NLP
METRO/MAKRO,STAGE 6 mois - Data Scientist Junior H/F,Full Time,Entry-level,Big Data,Power BI,Python,R,SQL,
"Cloudflare, Inc.",Data Engineer - Intern (Summer 2023),Internship,Entry-level,Angular,APIs,Architecture,Computer Science,Data Analytics,Engineering
Back Market,Business Data Analyst Intern (APAC),Internship,Entry-level,Consulting,Data visualization,KPIs,Python,SQL,Tableau
Voodoo,Junior Data Analyst (end-of-studies internship),Internship,Entry-level,Consulting,Engineering,Excel,Machine Learning,Mathematics,SQL
Wavestone,Consultant.e.s â€“ Stage/Alternance -  IT & Data Architecture,Full Time,Entry-level,APIs,Architecture,AWS,Azure,Big Data,DevOps
Deezer,Product Data Analyst Intern m/f/d,Internship,Entry-level,Data analysis,Data pipelines,Data visualization,KPIs,Pipelines,Python
Amazon.com,2023 Business Intelligence Engineer Internship,Full Time,Entry-level,AWS,Business Intelligence,Computer Science,Data Mining,Data pipelines,Data warehouse
Syngenta Group,Data Scientist Trainee (m/w/d),Full Time,Entry-level,AWS,Big Data,Data Mining,Deep Learning,Machine Learning,NoSQL
Publicis Groupe,"Data Science & Analytics, Summer Intern",Internship,Entry-level,Data visualization,Excel,Mathematics,Statistics,STEM,Tableau
Wavestone,Business Intelligence & Data Visualization,Full Time,Entry-level,Agile,Business Intelligence,Data visualization,Machine Learning,Research,UX
Moloco,Data Analyst Intern - Singapore,Internship,Entry-level,Data analysis,GCP,Google Cloud,Machine Learning,ML models,Python
Funding Societies,Data Analyst Intern,Internship,Entry-level,Business Intelligence,Data Analytics,Data visualization,Data warehouse,Finance,FinTech
Guardant Health,Machine Learning/Artificial Intelligence Intern,Internship,Entry-level,Biology,Computer Science,HPC,Linux,Machine Learning,NLP
Merlin Labs,"NLP Software Engineer, Intern",Internship,Entry-level,BERT,Computer Science,Data analysis,GitHub,GPT,Machine Learning
Snowflake Inc.,Data Engineer - Intern,Internship,Entry-level,Airflow,APIs,AWS,Azure,Computer Science,Data pipelines
Outrider,"Perception Intern, Deep Learning Data",Internship,Entry-level,AWS,Deep Learning,Docker,Git,Lidar,Python
Moloco,Data Analyst Intern - Korea,Internship,Entry-level,Data analysis,GCP,Google Cloud,Machine Learning,ML models,Python
Bosch Group,[Intern] AI/ Computer Vision Engineer,Full Time,Entry-level,Computer Science,Computer Vision,Consulting,Deep Learning,Economics,Engineering
Bosch Group,"Intern, AI research engineer",Internship,Entry-level,Computer Science,Computer Vision,Deep Learning,Engineering,Industrial,Machine Learning
Western Digital,"Phd -Interns, Data Scientist",Full Time,Entry-level,Agile,Architecture,Classification,Data Mining,Data pipelines,Deep Learning
SchrÃ¶dinger,Computational Biology Intern,Internship,Entry-level,Biology,Computer Science,Deep Learning,Drug discovery,Machine Learning,Python
Amazon.com,Amazon Robotics - Applied Scientist Intern/Co-op - 2023,Full Time,Entry-level,Computer Science,Computer Vision,Engineering,Machine Learning,Mathematics,PhD
Block,PhD Machine Learning Engineer Intern (Summer 2023),Internship,Entry-level,Architecture,AWS,Banking,Blockchain,Computer Science,Crypto
Chime,Reporting and Data Infrastructure Intern,Internship,Entry-level,Banking,Computer Science,Data governance,FinTech,LookML,Privacy
Jump Trading,Campus | Data Engineer (Intern),Internship,Entry-level,Data Analytics,Economics,Engineering,Finance,Linux,MySQL
"Cloudflare, Inc.",Data Analyst Intern (Summer 2023),Internship,Entry-level,Big Data,BigQuery,Computer Science,Data Analytics,Engineering,Finance
Block,Data Science Intern (Summer 2023),Internship,Entry-level,A/B testing,Airflow,Banking,BigQuery,Blockchain,Computer Science
GoodRx,Data Engineer Internship,Internship,Entry-level,AWS,Data pipelines,DevOps,Engineering,ETL,Excel
Chime,Data Analytics Intern: Consumer Economics,Internship,Entry-level,Banking,Data Analytics,Data visualization,Economics,FinTech,Privacy
Guardant Health,Grad Intern: Bioinformatics/Assay Data Visualization and Analysis,Full Time,Entry-level,Data Analytics,Data visualization,Engineering,Matplotlib,PhD,Plotly
605,Data Operations Intern (Quality Assurance),Internship,Entry-level,Agile,Databricks,DataOps,Excel,Jira,PySpark
Etsy,Data Science Intern,Full Time,Entry-level,Causal inference,Computer Science,Economics,Machine Learning,PhD,Python
CleverConnect,Data Engineer / Data Analyst - Stage de fin d'Ã©tudes - Paris 2e,Full Time,Entry-level,Agile,Architecture,AWS,BigQuery,Dataflow,Data visualization
ManoMano,[Internship] - Junior Data Scientist #2 (W/M),Internship,Entry-level,Agile,Biology,Computer Science,Data analysis,E-commerce,Economics
ManoMano,[Internship] - Junior Data Scientist #1 (W/M),Internship,Entry-level,Agile,Biology,Computer Science,Data analysis,E-commerce,Economics
Western Digital,PhD Intern - Data Science,Internship,Entry-level,Big Data,Computer Science,Data Analytics,Deep Learning,Engineering,Linear algebra
Bosch Group,Jr Data Engineer - Internship,Full Time,Entry-level,Business Intelligence,Computer Science,Data analysis,Engineering,Industrial,Mathematics
605,Engineering Intern (Data Engineering),Internship,Entry-level,Agile,Architecture,AWS,Azure,Big Data,Data visualization
Enterpret,[Internship] Machine Learning,Internship,Entry-level,Deep Learning,Linear algebra,Machine Learning,NLP,NumPy,Pandas
Lightcast,Research Analyst Intern (Summer 2023 ),Internship,Entry-level,Consulting,Economics,Excel,Python,Research,SQL
605,Data Operations Intern (Data Management),Internship,Entry-level,Agile,Databricks,Data management,DataOps,Data quality,Excel
"Chemix, Inc.",Machine Learning Research Engineer Internship,Internship,Entry-level,Chemistry,CI/CD,Git,Machine Learning,ML models,NumPy
Fifty-Five,Data Scientist Intern,Internship,Entry-level,Deep Learning,NumPy,Pandas,Python,R,R&D
Western Digital,"Intern, Data Engineering - Digital Innovation (Summer 2023)",Full Time,Entry-level,Computer Science,Data analysis,Data pipelines,Data quality,EDA,Engineering
Zeta Global,Data Science & Analytics Intern,Internship,Entry-level,Business Intelligence,Data pipelines,ETL,Machine Learning,MySQL,Pipelines
Bosch Group,AI/ML Graduate Intern with Focus on AI Engineering (6 - 12 Months),Internship,Entry-level,AWS,Azure,Computer Science,Engineering,GCP,Industrial
takealot.com,Data Analytics Intern,Internship,Entry-level,Data Analytics,E-commerce,,,,
"Recorded Future, Inc.",Data Science Intern,Internship,Entry-level,Python,Security,,,,
Verisk,Data Analytics Intern (Pricing Analyst) - 2023  Summer Internship Program - CR,Part Time,Entry-level,Business Intelligence,Data analysis,Data Analytics,Data management,Data quality,Data visualization
Unite Us,Internship: Data Analyst Intern,Internship,Entry-level,Computer Science,Data Analytics,Mathematics,Physics,SQL,Statistics
CleverConnect,Data Analyst - Stage de fin d'Ã©tudes - Paris 2e,Full Time,Entry-level,Agile,Architecture,AWS,BigQuery,Dataflow,Data visualization
Bosch Group,Internship Big Data for Fleet Validation,Full Time,Entry-level,Agile,Azure,Big Data,Data analysis,Databricks,Engineering
CleverConnect,Data Engineer - Stage de fin d'Ã©tudes - Paris 2e,Full Time,Entry-level,Agile,Architecture,AWS,BigQuery,Dataflow,Data visualization
Balbix,AI/ML Summer Intern,Internship,Entry-level,Data pipelines,Distributed Systems,Engineering,Linear algebra,Machine Learning,ML infrastructure
Unite Us,Internship: Data Science Intern,Internship,Entry-level,Computer Science,Mathematics,Pandas,Physics,Python,Research
Syngenta Group,Data Scientist Trainee (m/w/d),Full Time,Entry-level,AWS,Big Data,Data Mining,Deep Learning,Machine Learning,NoSQL
Dyno Therapeutics,Machine Learning Engineer Summer 2023 Internship,Internship,Entry-level,Biology,Computer Science,Engineering,Machine Learning,Mathematics,ML infrastructure
Burro,Machine Learning Internship,Internship,Entry-level,Computer Vision,CUDA,Deep Learning,Engineering,GPU,Machine Learning
Publicis Groupe,Digital Data Analyst,Full Time,Entry-level,Data Studio,Excel,Jira,Spark,,
Shift Technology,Data Scientist (End-of-studies Internship),Internship,Entry-level,Big Data,Chatbots,Computer Science,Engineering,Machine Learning,Mathematics
Outrider,Data Analyst Intern,Internship,Entry-level,Athena,AWS,Computer Science,Data analysis,Data Analytics,Data visualization
Guardant Health,"Bioinformatics Intern, Machine Learning",Full Time,Entry-level,AWS,Biology,Data analysis,Genetics,Git,GitHub
Bosch Group,AI/ML Graduate Intern with Focus on AI Engineering,Internship,Entry-level,AWS,Azure,Computer Science,Engineering,GCP,Industrial
Publicis Groupe,Summer Internship - Data Science / Advanced Analytics,Part Time,Entry-level,Excel,R,,,,
Fetch,Data Analytics Internship,Internship,Entry-level,Data Analytics,Grafana,Python,SQL,Statistics,Tableau
Vention,Computer vision Developer Intern,Internship,Entry-level,Computer Vision,Distributed Systems,GPU,JavaScript,Jupyter,Mathematics
Guardant Health,Machine Learning/Artificial Intelligence Intern,Internship,Entry-level,Biology,Computer Science,HPC,Linux,Machine Learning,NLP
Bosch Group,"Academic Internship - Deep Learning, Synthetic Data",Internship,Entry-level,Autonomous Driving,Computer Science,Computer Vision,Deep Learning,Lidar,Machine Learning
Bosch Group,"Academic Internship - Deep Learning, Multi-Task",Internship,Entry-level,Computer Science,Computer Vision,Deep Learning,Lidar,Machine Learning,Physics
Western Digital,"Phd -Interns, Data Scientist",Full Time,Entry-level,Big Data,Computer Science,Data Analytics,Engineering,Machine Learning,PhD
Guardant Health,"Business Application Intern, Machine Learning",Internship,Entry-level,Architecture,AWS,Computer Science,Engineering,Machine Learning,Privacy
Snyk,Data Analytics Intern,Internship,Entry-level,Computer Science,Data Analytics,Looker,Prototyping,Security,SQL
Publicis Groupe,Data Sciences Intern(Smart's),Part Time,Entry-level,Data analysis,Economics,Engineering,Mathematics,.NET,RDBMS
CGG,Internship â€“ Machine Learning/MLOps Engineer (6 months),Full Time,Entry-level,CI/CD,Computer Science,Engineering,HPC,Machine Learning,MLFlow
Western Digital,"Intern, Data Engineering (Summer 2023)",Internship,Entry-level,AWS,Big Data,Computer Science,Data analysis,Data Analytics,Data pipelines
Bosch Group,Internship Embedded AI Engineering,Full Time,Entry-level,Computer Science,Deep Learning,Engineering,Machine Learning,Mathematics,Physics
Rokt,Data Analyst Intern,Internship,Entry-level,Agile,Big Data,Business Analytics,Computer Science,Data analysis,E-commerce
Shippeo,Data Scientist - Internship,Internship,Entry-level,Classification,Machine Learning,ML models,NumPy,Pandas,Python
Vention,Computer vision Developer,Full Time,Entry-level,Computer Vision,Distributed Systems,GPU,JavaScript,Jupyter,Mathematics
CleverConnect,Data Engineer / Data Analyst - Stage de fin d'Ã©tudes - Paris 2e,Full Time,Entry-level,Agile,Architecture,AWS,BigQuery,Dataflow,Data visualization
Abarca Health,"Intern, Data Engineer",Internship,Entry-level,Business Intelligence,Computer Science,ELT,Engineering,Healthcare technology,Snowflake
Frazer-Nash Consultancy,Data Science and Systems Engineers - Summer Intern 2023,Internship,Entry-level,Agile,Computer Science,Consulting,Engineering,Excel,Mathematics
Plume Labs,AI Engineer Internship,Internship,Entry-level,Agile,APIs,Deep Learning,Keras,Machine Learning,NumPy
Lyft,Canada - Early Talent - Supply Chain Data Analyst Intern (Summer 2023),Internship,Entry-level,Business Analytics,Data analysis,Excel,Jira,Power BI,SQL
Metropolis,Machine Learning Engineer Intern,Internship,Entry-level,Architecture,Computer Vision,CUDA,cuDNN,Deep Learning,DenseNet
BenevolentAI,AI Scientist Internship,Internship,Entry-level,Architecture,Biology,Chemistry,Computer Science,Deep Learning,Drug discovery
Netcetera,"Spring Internship Program - Machine Learning Engineer (Skopje, Bitola, Ohrid)",Internship,Entry-level,Computer Science,Computer Vision,Deep Learning,Machine Learning,NLP,NumPy
Ubisoft,Stagiaire Data Analyst (F/H/NB),Full Time,Entry-level,Airflow,ETL,Git,Hadoop,PySpark,Python
Etsy,Data Science Intern,Full Time,Entry-level,Computer Vision,Data Mining,Deep Learning,Diffusion models,E-commerce,ICLR
BenevolentAI,Bioinformatics Data Scientist Internship,Internship,Entry-level,Biology,Causal inference,Data Analytics,Data pipelines,Drug discovery,Engineering
Vitol,Data Science Intern,Full Time,Entry-level,APIs,Architecture,Data analysis,Power BI,Python,SQL
BenevolentAI,Data Scientist Internship,Internship,Entry-level,Biology,Data analysis,Data quality,Drug discovery,Jupyter,Machine Learning
Trust Lab,Data Science Intern | Greece,Internship,Entry-level,Computer Science,Data analysis,Data Analytics,Data Studio,Engineering,Machine Learning
Spotify,"Summer Internship, Data Scientist | Content Business (US)",Internship,Entry-level,Computer Science,Economics,Machine Learning,Mathematics,ML models,PhD
Sia Partners,Stage de fin d'Ã©tudes - Consultant(e) Data Management,Full Time,Entry-level,APIs,Architecture,AWS,Azure,Big Data,Business Intelligence
FarmWise,Machine Learning Intern,Internship,Entry-level,AWS,Computer Vision,Deep Learning,GCP,Git,GPU
Spotify,"Summer Internship, Machine Learning Engineer Intern | Platform Mission (US)",Internship,Entry-level,A/B testing,Agile,Cassandra,Classification,Data quality,Flink
AccuWeather,Data Developer Intern,Internship,Entry-level,DataOps,,,,,
Strava,Machine Learning Engineering Intern,Internship,Entry-level,Computer Science,Data Mining,Data pipelines,Deep Learning,Engineering,Hadoop
GRESB,Climate Data Analyst - Intern (Asset Impact) | Paris or Berlin,Internship,Entry-level,Data analysis,Excel,Finance,Python,R,RDBMS
Roblox,Data Science Intern - Causal Inference with Network Interference (Summer 2023),Internship,Entry-level,Airflow,Big Data,Causal inference,Computer Science,Economics,Engineering
Trigo,STAGE - Data Analyst POWER BI - H/F,Full Time,Entry-level,Excel,Power BI,Robotics,RPA,SharePoint,
Santen,Data Science Intern,Full Time,Entry-level,Data analysis,R,SAS,Statistics,,
Spotify,"Summer Internship, Analytics Engineer | Content Business (US)",Internship,Entry-level,APIs,BigQuery,Computer Science,Engineering,ETL,PhD
Spotlab,Artificial Intelligence Research Internship,Internship,Entry-level,Caffe,Computer Science,Computer Vision,Deep Learning,Engineering,Keras
Fetch,Data Analytics Internship,Internship,Entry-level,Data Analytics,Grafana,Python,SQL,Statistics,Tableau
Sayari,Data Engineer Intern,Internship,Entry-level,Airflow,AWS,Azure,Engineering,ETL,GCP
Spot AI,Data Analytics Engineer (Intern),Internship,Entry-level,APIs,AWS,BigQuery,Computer Science,Data Analytics,Databricks
Gameloft,Data Analyst Intern - Summer 2023,Internship,Entry-level,Computer Science,Data visualization,Mathematics,SQL,Statistics,
Spotify,"Summer Internship, Product Management | Data Management (US)",Internship,Entry-level,Agile,Big Data,Computer Science,Data management,Economics,Engineering
Bosch Group,Intern | Machine Learning (Generative AI),Internship,Entry-level,Computer Science,Data analysis,Deep Learning,EDA,Engineering,Feature engineering
Gojek,Data Science Intern - Payments,Internship,Entry-level,Caffe,Computer Vision,Deep Learning,Engineering,Keras,Machine Learning
Agot AI,"Deep Learning Infrastructure Intern (Summer, Full-Time)",Internship,Entry-level,AWS,Computer Science,Computer Vision,Deep Learning,DevOps,Docker
Bosch Group,Embedded Machine Learning Intern for Sensors and Edge Devices,Internship,Entry-level,ASIC Design,Classification,Computer Science,Data Mining,Engineering,Linux
Bugcrowd,Data Science Intern,Internship,Entry-level,A/B testing,Data analysis,EDA,Engineering,Git,GitHub
Believe,Data Analyst - Internship (H/F),Internship,Entry-level,Power BI,,,,,
Snowflake Inc.,Data Engineer Intern,Internship,Entry-level,Computer Science,Data pipelines,Data warehouse,Distributed Systems,Engineering,Excel
Mendix,Data Quality Management Internship,Internship,Entry-level,AWS,Computer Science,Data quality,Engineering,Power BI,Privacy
Smartsheet,"Product Design Intern, Data Integrations",Internship,Entry-level,Agile,Engineering,Privacy,Prototyping,Research,UX
CleverConnect,Data Engineer / Data Analyst - Stage de fin d'Ã©tudes - Paris 2e,Full Time,Entry-level,Agile,Architecture,AWS,BigQuery,Dataflow,Data visualization
CleverConnect,Data Analyst - Stage de fin d'Ã©tudes - Paris 2e,Full Time,Entry-level,Agile,Architecture,AWS,BigQuery,Dataflow,Data visualization
Bosch Group,"Intern, Robot Research Engineer",Internship,Entry-level,Computer Science,Engineering,Industrial,Machine Learning,Python,Research
Amazon.com,Amazon Robotics - Applied Scientist Intern/Co-op - 2023,Full Time,Entry-level,Computer Science,Computer Vision,Engineering,Machine Learning,Mathematics,PhD
Spotify,"Summer Internship, Data Science | Music Mission (US)",Internship,Entry-level,A/B testing,Airflow,Biology,Computer Science,Data pipelines,Data visualization
Verisk,Data Science Intern - 2023 Summer Internship Program - CR,Part Time,Entry-level,Bayesian,Business Analytics,Classification,Data analysis,Engineering,Finance
Relativity,Machine Learning Operations Intern - Summer 2023,Internship,Entry-level,AWS,Azure,Computer Science,Databricks,GCP,Linux
HRL Laboratories,Doctorate Intern in Machine Learning and Reasoning,Internship,Entry-level,Deep Learning,Machine intelligence,Machine Learning,Privacy,Python,PyTorch
Dyania Health,NLP Applied Science Internship,Internship,Entry-level,Computer Science,Engineering,HuggingFace,Machine Learning,Mathematics,NLP
CleverConnect,Data Engineer - Stage de fin d'Ã©tudes - Paris 2e,Full Time,Entry-level,Agile,Architecture,AWS,BigQuery,Dataflow,Data visualization
Wisk Aero,Autonomy Engineering Summer Intern,Internship,Entry-level,C++,Computer Science,Computer Vision,Engineering,Genetics,Matlab
METRO/MAKRO,Internship - Data Analytics with SQL,Full Time,Entry-level,Cybernetics,Data Analytics,Engineering,Excel,SQL,Statistics
Freenome,Machine Learning Research Engineering Intern (Remote),Internship,Entry-level,Biology,Computer Science,Engineering,GPU,Machine Learning,Model training
Etsy,Data Science Intern,Full Time,Entry-level,Computer Vision,Data Mining,Deep Learning,Diffusion models,E-commerce,ICLR
SchrÃ¶dinger,Life Science Data Engineer Intern,Internship,Entry-level,APIs,Architecture,Biology,Chemistry,CI/CD,Computer Science
Publicis Groupe,Data Analyst - Internship,Full Time,Entry-level,Business Intelligence,Computer Science,Consulting,Mathematics,Statistics,
Believe,Junior Data Analyst - Stage (H/F),Full Time,Entry-level,Business Intelligence,Excel,Power BI,Python,Streaming,Tableau
Vitol,Data Science Intern,Full Time,Entry-level,APIs,Architecture,Data analysis,Power BI,Python,SQL
Adarga,Data Science Summer Internship Programme 2023,Internship,Entry-level,Deep Learning,Engineering,Machine Learning,NLP,Privacy,Research
Bosch Group,"Intern, AI Engineer for HVAC",Internship,Entry-level,Computer Science,Engineering,Industrial,NumPy,OpenAI,Pandas
Adarga,Data Science Intern 2023,Internship,Entry-level,Deep Learning,Engineering,Machine Learning,NLP,Privacy,Research
Deloitte,Data Management Unit Intern,Internship,Entry-level,Consulting,Data analysis,Data management,Data quality,Data visualization,Excel
CloudSEK,Machine Learning Intern,Internship,Entry-level,BERT,Elasticsearch,GPT,Keras,Machine Learning,ML models
"Nuro, Inc.","Applied Research, Machine Learning - PhD Summer Intern",Internship,Entry-level,Autonomous Driving,Computer Science,Deep Learning,Generative modeling,ICLR,ICML
Spotify,"Summer Internship, Research Scientist, Audio Intelligence | Music Mission (EMEA or US)",Internship,Entry-level,Computer Science,Engineering,GitHub,Machine Learning,Mathematics,NumPy
Bosch Group,Internship: Deep Learning based Lane and Road Edge Detection,Full Time,Entry-level,Agile,Computer Science,Computer Vision,Deep Learning,Engineering,Python
